added_amt,patient_count,discountamount
640059.01,3,0
23464706.44,223,1990011
5285524.15,42,178991
11057622.74,69,300101
153239.0,1,2923
391812.70999999996,1,0
8130506.33,71,82418
4142470.33,26,67520
1225568.1600000001,17,134451
5120023.45,35,109087
144620.91999999998,2,0
757741.9199999999,9,7058
23828395.27,162,688654
1846864.8299999998,19,76500
9584467.86,135,366757
9446221.11,54,555925
3050878.5,71,105777
1415508.3900000001,16,85053
503138.86,5,13274
3012000.97,39,49903
